"winddatetime","Airport","WindSpeedKnots","VisibilityKM"
"2018-09-30 23:50:00","HEATHROW","08KT","9999"
"2018-09-30 23:20:00","HEATHROW","07KT","9999"
"2018-09-30 22:50:00","HEATHROW","07KT","9999"
"2018-09-30 22:20:00","HEATHROW","07KT","9999"
"2018-09-30 21:50:00","HEATHROW","07KT","9999"
"2018-09-30 21:20:00","HEATHROW","08KT","9999"
"2018-09-30 20:50:00","HEATHROW","05KT","9999"
"2018-09-30 20:20:00","HEATHROW","07KT","9999"
"2018-09-30 19:50:00","HEATHROW","06KT","9999"
"2018-09-30 19:20:00","HEATHROW","06KT","9999"
"2018-09-30 18:50:00","HEATHROW","06KT","9999"
"2018-09-30 18:20:00","HEATHROW","07KT","9999"
"2018-09-30 17:50:00","HEATHROW","05KT","9999"
"2018-09-30 17:20:00","HEATHROW","07KT","9999"
"2018-09-30 16:50:00","HEATHROW","06KT","9999"
"2018-09-30 16:20:00","HEATHROW","07KT","9999"
"2018-09-30 15:50:00","HEATHROW","08KT","9999"
"2018-09-30 15:20:00","HEATHROW","05KT","9999"
"2018-09-30 14:50:00","HEATHROW","06KT","9999"
"2018-09-30 14:20:00","HEATHROW","06KT","9999"
"2018-09-30 13:50:00","HEATHROW","05KT","9999"
"2018-09-30 13:20:00","HEATHROW","07KT","9999"
"2018-09-30 12:50:00","HEATHROW","06KT","9999"
"2018-09-30 12:20:00","HEATHROW","06KT","9999"
"2018-09-30 11:50:00","HEATHROW","06KT","9999"
"2018-09-30 11:20:00","HEATHROW","07KT","9999"
"2018-09-30 10:50:00","HEATHROW","05KT","9999"
"2018-09-30 10:20:00","HEATHROW","07KT","9999"
"2018-09-30 09:50:00","HEATHROW","06KT","9999"
"2018-09-30 09:20:00","HEATHROW","05KT","9999"
"2018-09-30 08:50:00","HEATHROW","07KT","9999"
"2018-09-30 08:20:00","HEATHROW","05KT","9999"
"2018-09-30 07:50:00","HEATHROW","05KT","9999"
"2018-09-30 07:20:00","HEATHROW","04KT","9999"
"2018-09-30 06:50:00","HEATHROW","05KT","9999"
"2018-09-30 06:20:00","HEATHROW","03KT","9999"
"2018-09-30 05:50:00","HEATHROW","02KT","9999"
"2018-09-30 05:20:00","HEATHROW","04KT","9999"
"2018-09-30 04:50:00","HEATHROW","05KT","9999"
"2018-09-30 04:20:00","HEATHROW","04KT","9999"
"2018-09-30 03:50:00","HEATHROW","04KT","9999"
"2018-09-30 03:20:00","HEATHROW","06KT","9999"
"2018-09-30 02:50:00","HEATHROW","04KT","9999"
"2018-09-30 02:20:00","HEATHROW","04KT","9999"
"2018-09-30 01:50:00","HEATHROW","05KT","9999"
"2018-09-30 01:20:00","HEATHROW","05KT","9999"
"2018-09-30 00:50:00","HEATHROW","02KT","9999"
"2018-09-30 00:20:00","HEATHROW","03KT","9999"
"2018-09-29 23:50:00","HEATHROW","02KT","9999"
"2018-09-29 23:20:00","HEATHROW","02KT","9999"
"2018-09-29 22:50:00","HEATHROW","03KT","9999"
"2018-09-29 22:20:00","HEATHROW","02KT","9999"
"2018-09-29 21:50:00","HEATHROW","01KT","9999"
"2018-09-29 21:20:00","HEATHROW","01KT","9999"
"2018-09-29 20:50:00","HEATHROW","02KT","9999"
"2018-09-29 20:20:00","HEATHROW","03KT","9999"
"2018-09-29 19:50:00","HEATHROW","01KT","9999"
"2018-09-29 19:20:00","HEATHROW","01KT","9999"
"2018-09-29 18:50:00","HEATHROW","03KT","9999"
"2018-09-29 18:20:00","HEATHROW","02KT","9999"
"2018-09-29 17:50:00","HEATHROW","04KT","9999"
"2018-09-29 17:20:00","HEATHROW","05KT","9999"
"2018-09-29 16:50:00","HEATHROW","05KT","9999"
"2018-09-29 16:20:00","HEATHROW","03KT","9999"
"2018-09-29 15:50:00","HEATHROW","04KT","9999"
"2018-09-29 15:20:00","HEATHROW","04KT","9999"
"2018-09-29 14:50:00","HEATHROW","04KT","9999"
"2018-09-29 14:20:00","HEATHROW","04KT","9999"
"2018-09-29 13:50:00","HEATHROW","03KT","9999"
"2018-09-29 13:20:00","HEATHROW","03KT","9999"
"2018-09-29 12:50:00","HEATHROW","04KT","9999"
"2018-09-29 12:20:00","HEATHROW","05KT","9999"
"2018-09-29 11:50:00","HEATHROW","07KT","9999"
"2018-09-29 11:20:00","HEATHROW","05KT","9999"
"2018-09-29 10:50:00","HEATHROW","04KT","9999"
"2018-09-29 10:20:00","HEATHROW","02KT","9999"
"2018-09-29 09:50:00","HEATHROW","03KT","9999"
"2018-09-29 09:20:00","HEATHROW","02KT","9999"
"2018-09-29 08:50:00","HEATHROW","02KT","9999"
"2018-09-29 08:20:00","HEATHROW","03KT","9999"
"2018-09-29 07:50:00","HEATHROW","02KT","9999"
"2018-09-29 07:20:00","HEATHROW","02KT","9999"
"2018-09-29 06:50:00","HEATHROW","02KT","9999"
"2018-09-29 06:20:00","HEATHROW","01KT","9999"
"2018-09-29 05:50:00","HEATHROW","02KT","9999"
"2018-09-29 05:20:00","HEATHROW","02KT","9999"
"2018-09-29 04:50:00","HEATHROW","01KT","9999"
"2018-09-29 04:20:00","HEATHROW","02KT","9999"
"2018-09-29 03:50:00","HEATHROW","04KT","9999"
"2018-09-29 03:20:00","HEATHROW","04KT","9999"
"2018-09-29 02:50:00","HEATHROW","04KT","9999"
"2018-09-29 02:20:00","HEATHROW","03KT","9999"
"2018-09-29 01:50:00","HEATHROW","03KT","9999"
"2018-09-29 01:20:00","HEATHROW","03KT","9999"
"2018-09-29 00:50:00","HEATHROW","03KT","9999"
"2018-09-29 00:20:00","HEATHROW","03KT","9999"
"2018-09-28 23:50:00","HEATHROW","03KT","9999"
"2018-09-28 23:20:00","HEATHROW","03KT","9999"
"2018-09-28 22:50:00","HEATHROW","02KT","9999"
"2018-09-28 22:20:00","HEATHROW","04KT","9999"
"2018-09-28 21:50:00","HEATHROW","04KT","9999"
"2018-09-28 21:20:00","HEATHROW","04KT","9999"
"2018-09-28 20:50:00","HEATHROW","05KT","9999"
"2018-09-28 20:20:00","HEATHROW","06KT","9999"
"2018-09-28 19:50:00","HEATHROW","06KT","9999"
"2018-09-28 19:20:00","HEATHROW","04KT","9999"
"2018-09-28 18:50:00","HEATHROW","06KT","9999"
"2018-09-28 18:20:00","HEATHROW","06KT","9999"
"2018-09-28 17:50:00","HEATHROW","06KT","9999"
"2018-09-28 17:20:00","HEATHROW","07KT","9999"
"2018-09-28 16:50:00","HEATHROW","08KT","9999"
"2018-09-28 16:20:00","HEATHROW","08KT","9999"
"2018-09-28 15:50:00","HEATHROW","07KT","9999"
"2018-09-28 15:20:00","HEATHROW","08KT","9999"
"2018-09-28 14:50:00","HEATHROW","09KT","9999"
"2018-09-28 14:20:00","HEATHROW","08KT","9999"
"2018-09-28 13:50:00","HEATHROW","07KT","9999"
"2018-09-28 13:20:00","HEATHROW","09KT","9999"
"2018-09-28 12:50:00","HEATHROW","08KT","9999"
"2018-09-28 12:20:00","HEATHROW","09KT","9999"
"2018-09-28 11:50:00","HEATHROW","09KT","9999"
"2018-09-28 11:20:00","HEATHROW","10KT","9999"
"2018-09-28 10:50:00","HEATHROW","10KT","9999"
"2018-09-28 10:20:00","HEATHROW","09KT","9999"
"2018-09-28 09:50:00","HEATHROW","09KT","9999"
"2018-09-28 09:20:00","HEATHROW","12KT","9999"
"2018-09-28 08:50:00","HEATHROW","07KT","9999"
"2018-09-28 08:20:00","HEATHROW","08KT","9999"
"2018-09-28 07:50:00","HEATHROW","09KT","9999"
"2018-09-28 07:20:00","HEATHROW","07KT","9999"
"2018-09-28 06:50:00","HEATHROW","07KT","9999"
"2018-09-28 06:20:00","HEATHROW","08KT","9999"
"2018-09-28 05:50:00","HEATHROW","07KT","9999"
"2018-09-28 05:20:00","HEATHROW","05KT","9999"
"2018-09-28 04:50:00","HEATHROW","06KT","9999"
"2018-09-28 04:20:00","HEATHROW","07KT","9999"
"2018-09-28 03:50:00","HEATHROW","06KT","9999"
"2018-09-28 03:20:00","HEATHROW","04KT","9999"
"2018-09-28 02:50:00","HEATHROW","04KT","9999"
"2018-09-28 02:20:00","HEATHROW","03KT","9999"
"2018-09-28 01:50:00","HEATHROW","03KT","9999"
"2018-09-28 01:20:00","HEATHROW","03KT","9999"
"2018-09-28 00:50:00","HEATHROW","02KT","9999"
"2018-09-28 00:20:00","HEATHROW","03KT","9999"
"2018-09-27 23:50:00","HEATHROW","03KT","9999"
"2018-09-27 23:20:00","HEATHROW","03KT","9999"
"2018-09-27 22:50:00","HEATHROW","04KT","9999"
"2018-09-27 22:20:00","HEATHROW","05KT","9999"
"2018-09-27 21:50:00","HEATHROW","05KT","9999"
"2018-09-27 21:20:00","HEATHROW","04KT","9999"
"2018-09-27 20:50:00","HEATHROW","04KT","9999"
"2018-09-27 20:20:00","HEATHROW","02KT","9999"
"2018-09-27 19:50:00","HEATHROW","04KT","9999"
"2018-09-27 19:20:00","HEATHROW","04KT","9999"
"2018-09-27 18:50:00","HEATHROW","03KT","9999"
"2018-09-27 18:20:00","HEATHROW","02KT","9999"
"2018-09-27 17:50:00","HEATHROW","04KT","9999"
"2018-09-27 17:20:00","HEATHROW","08KT","9999"
"2018-09-27 16:50:00","HEATHROW","08KT","9999"
"2018-09-27 16:20:00","HEATHROW","09KT","9999"
"2018-09-27 15:50:00","HEATHROW","09KT","9999"
"2018-09-27 15:20:00","HEATHROW","08KT","9999"
"2018-09-27 14:50:00","HEATHROW","08KT","9999"
"2018-09-27 14:20:00","HEATHROW","09KT","9999"
"2018-09-27 13:50:00","HEATHROW","09KT","9999"
"2018-09-27 13:20:00","HEATHROW","08KT","9999"
"2018-09-27 12:50:00","HEATHROW","09KT","9999"
"2018-09-27 12:20:00","HEATHROW","08KT","9999"
"2018-09-27 11:50:00","HEATHROW","09KT","9999"
"2018-09-27 11:20:00","HEATHROW","07KT","9999"
"2018-09-27 10:50:00","HEATHROW","06KT","9999"
"2018-09-27 10:20:00","HEATHROW","06KT","9999"
"2018-09-27 09:50:00","HEATHROW","06KT","9999"
"2018-09-27 09:20:00","HEATHROW","06KT","9999"
"2018-09-27 08:50:00","HEATHROW","06KT","200V270"
"2018-09-27 08:20:00","HEATHROW","02KT","9999"
"2018-09-27 07:50:00","HEATHROW","02KT","CAVOK"
"2018-09-27 07:20:00","HEATHROW","02KT","CAVOK"
"2018-09-27 06:50:00","HEATHROW","02KT","5000"
"2018-09-27 06:20:00","HEATHROW","03KT","5000"
"2018-09-27 05:50:00","HEATHROW","03KT","8000"
"2018-09-27 05:20:00","HEATHROW","02KT","9999"
"2018-09-27 04:50:00","HEATHROW","05KT","9999"
"2018-09-27 04:20:00","HEATHROW","02KT","9999"
"2018-09-27 03:50:00","HEATHROW","04KT","9999"
"2018-09-27 03:20:00","HEATHROW","03KT","9999"
"2018-09-27 02:50:00","HEATHROW","03KT","9999"
"2018-09-27 02:20:00","HEATHROW","03KT","7000"
"2018-09-27 01:50:00","HEATHROW","02KT","9999"
"2018-09-27 01:20:00","HEATHROW","02KT","9000"
"2018-09-27 00:50:00","HEATHROW","04KT","9999"
"2018-09-27 00:20:00","HEATHROW","04KT","9999"
"2018-09-26 23:50:00","HEATHROW","04KT","9999"
"2018-09-26 23:20:00","HEATHROW","05KT","9999"
"2018-09-26 22:50:00","HEATHROW","05KT","9999"
"2018-09-26 22:20:00","HEATHROW","05KT","9999"
"2018-09-26 21:50:00","HEATHROW","05KT","9999"
"2018-09-26 21:20:00","HEATHROW","05KT","9999"
"2018-09-26 20:50:00","HEATHROW","05KT","9999"
"2018-09-26 20:20:00","HEATHROW","06KT","9999"
"2018-09-26 19:50:00","HEATHROW","06KT","9999"
"2018-09-26 19:20:00","HEATHROW","06KT","9999"
"2018-09-26 18:50:00","HEATHROW","06KT","9999"
"2018-09-26 18:20:00","HEATHROW","06KT","9999"
"2018-09-26 17:50:00","HEATHROW","07KT","9999"
"2018-09-26 17:20:00","HEATHROW","06KT","9999"
"2018-09-26 16:50:00","HEATHROW","06KT","9999"
"2018-09-26 16:20:00","HEATHROW","06KT","9999"
"2018-09-26 15:50:00","HEATHROW","05KT","9999"
"2018-09-26 15:20:00","HEATHROW","07KT","9999"
"2018-09-26 14:50:00","HEATHROW","06KT","9999"
"2018-09-26 14:20:00","HEATHROW","06KT","220V280"
"2018-09-26 13:50:00","HEATHROW","07KT","9999"
"2018-09-26 13:20:00","HEATHROW","08KT","9999"
"2018-09-26 12:50:00","HEATHROW","08KT","9999"
"2018-09-26 12:20:00","HEATHROW","07KT","9999"
"2018-09-26 11:50:00","HEATHROW","08KT","9999"
"2018-09-26 11:20:00","HEATHROW","08KT","9999"
"2018-09-26 10:50:00","HEATHROW","08KT","9999"
"2018-09-26 10:20:00","HEATHROW","09KT","9999"
"2018-09-26 09:50:00","HEATHROW","08KT","9999"
"2018-09-26 09:20:00","HEATHROW","08KT","9999"
"2018-09-26 08:50:00","HEATHROW","06KT","9999"
"2018-09-26 08:20:00","HEATHROW","05KT","9999"
"2018-09-26 07:50:00","HEATHROW","04KT","9999"
"2018-09-26 07:20:00","HEATHROW","01KT","9999"
"2018-09-26 06:50:00","HEATHROW","04KT","9999"
"2018-09-26 06:20:00","HEATHROW","01KT","9999"
"2018-09-26 05:50:00","HEATHROW","02KT","9999"
"2018-09-26 05:20:00","HEATHROW","04KT","190V260"
"2018-09-26 04:50:00","HEATHROW","04KT","9999"
"2018-09-26 04:20:00","HEATHROW","04KT","9999"
"2018-09-26 03:50:00","HEATHROW","03KT","9999"
"2018-09-26 03:20:00","HEATHROW","02KT","9999"
"2018-09-26 02:50:00","HEATHROW","03KT","9999"
"2018-09-26 02:20:00","HEATHROW","02KT","9999"
"2018-09-26 01:50:00","HEATHROW","03KT","9999"
"2018-09-26 01:20:00","HEATHROW","03KT","9999"
"2018-09-26 00:50:00","HEATHROW","02KT","9999"
"2018-09-26 00:20:00","HEATHROW","02KT","9999"
"2018-09-25 23:50:00","HEATHROW","01KT","9999"
"2018-09-25 23:20:00","HEATHROW","04KT","9999"
"2018-09-25 22:50:00","HEATHROW","04KT","9999"
"2018-09-25 22:20:00","HEATHROW","04KT","9999"
"2018-09-25 21:50:00","HEATHROW","04KT","9999"
"2018-09-25 21:20:00","HEATHROW","06KT","9999"
"2018-09-25 20:50:00","HEATHROW","07KT","9999"
"2018-09-25 20:20:00","HEATHROW","06KT","9999"
"2018-09-25 19:50:00","HEATHROW","07KT","9999"
"2018-09-25 19:20:00","HEATHROW","07KT","170V230"
"2018-09-25 18:50:00","HEATHROW","09KT","9999"
"2018-09-25 18:20:00","HEATHROW","08KT","9999"
"2018-09-25 17:50:00","HEATHROW","09KT","9999"
"2018-09-25 17:20:00","HEATHROW","09KT","9999"
"2018-09-25 16:50:00","HEATHROW","09KT","9999"
"2018-09-25 16:20:00","HEATHROW","08KT","9999"
"2018-09-25 15:50:00","HEATHROW","10KT","9999"
"2018-09-25 15:20:00","HEATHROW","21KT","9999"
"2018-09-25 14:50:00","HEATHROW","09KT","9999"
"2018-09-25 14:20:00","HEATHROW","10KT","9999"
"2018-09-25 13:50:00","HEATHROW","09KT","9999"
"2018-09-25 13:20:00","HEATHROW","10KT","9999"
"2018-09-25 12:50:00","HEATHROW","10KT","9999"
"2018-09-25 12:20:00","HEATHROW","07KT","9999"
"2018-09-25 11:50:00","HEATHROW","07KT","9999"
"2018-09-25 11:20:00","HEATHROW","16KT","9999"
"2018-09-25 10:50:00","HEATHROW","06KT","9999"
"2018-09-25 10:20:00","HEATHROW","04KT","9999"
"2018-09-25 09:50:00","HEATHROW","03KT","9999"
"2018-09-25 09:20:00","HEATHROW","01KT","9999"
"2018-09-25 08:50:00","HEATHROW","01KT","9999"
"2018-09-25 08:20:00","HEATHROW","01KT","9999"
"2018-09-25 07:50:00","HEATHROW","01KT","9999"
"2018-09-25 07:20:00","HEATHROW","01KT","9999"
"2018-09-25 06:50:00","HEATHROW","02KT","9999"
"2018-09-25 06:20:00","HEATHROW","01KT","9999"
"2018-09-25 05:50:00","HEATHROW","01KT","9999"
"2018-09-25 05:20:00","HEATHROW","01KT","9999"
"2018-09-25 04:50:00","HEATHROW","01KT","9999"
"2018-09-25 04:20:00","HEATHROW","02KT","9999"
"2018-09-25 03:50:00","HEATHROW","01KT","9999"
"2018-09-25 03:20:00","HEATHROW","02KT","9999"
"2018-09-25 02:50:00","HEATHROW","01KT","9999"
"2018-09-25 02:20:00","HEATHROW","01KT","9999"
"2018-09-25 01:50:00","HEATHROW","01KT","9999"
"2018-09-25 01:20:00","HEATHROW","01KT","9999"
"2018-09-25 00:50:00","HEATHROW","02KT","9999"
"2018-09-25 00:20:00","HEATHROW","02KT","9999"
"2018-09-24 23:50:00","HEATHROW","01KT","9999"
"2018-09-24 23:20:00","HEATHROW","03KT","9999"
"2018-09-24 22:50:00","HEATHROW","00KT","9999"
"2018-09-24 22:20:00","HEATHROW","01KT","9999"
"2018-09-24 21:50:00","HEATHROW","01KT","9999"
"2018-09-24 21:20:00","HEATHROW","03KT","9999"
"2018-09-24 20:50:00","HEATHROW","02KT","9999"
"2018-09-24 20:20:00","HEATHROW","02KT","9999"
"2018-09-24 19:50:00","HEATHROW","02KT","9999"
"2018-09-24 19:20:00","HEATHROW","02KT","9999"
"2018-09-24 18:50:00","HEATHROW","02KT","9999"
"2018-09-24 18:20:00","HEATHROW","02KT","9999"
"2018-09-24 17:50:00","HEATHROW","03KT","9999"
"2018-09-24 17:20:00","HEATHROW","05KT","9999"
"2018-09-24 16:50:00","HEATHROW","05KT","9999"
"2018-09-24 16:20:00","HEATHROW","06KT","9999"
"2018-09-24 15:50:00","HEATHROW","05KT","9999"
"2018-09-24 15:20:00","HEATHROW","05KT","9999"
"2018-09-24 14:50:00","HEATHROW","04KT","9999"
"2018-09-24 14:20:00","HEATHROW","06KT","9999"
"2018-09-24 13:50:00","HEATHROW","05KT","9999"
"2018-09-24 13:20:00","HEATHROW","06KT","9999"
"2018-09-24 12:50:00","HEATHROW","06KT","9999"
"2018-09-24 12:20:00","HEATHROW","05KT","9999"
"2018-09-24 11:50:00","HEATHROW","06KT","9999"
"2018-09-24 11:20:00","HEATHROW","06KT","9999"
"2018-09-24 10:50:00","HEATHROW","07KT","9999"
"2018-09-24 10:20:00","HEATHROW","07KT","9999"
"2018-09-24 09:50:00","HEATHROW","06KT","9999"
"2018-09-24 09:20:00","HEATHROW","06KT","9999"
"2018-09-24 08:50:00","HEATHROW","04KT","9999"
"2018-09-24 08:20:00","HEATHROW","05KT","9999"
"2018-09-24 07:50:00","HEATHROW","05KT","9999"
"2018-09-24 07:20:00","HEATHROW","03KT","9999"
"2018-09-24 06:50:00","HEATHROW","04KT","9999"
"2018-09-24 06:20:00","HEATHROW","03KT","9999"
"2018-09-24 05:50:00","HEATHROW","04KT","9999"
"2018-09-24 05:20:00","HEATHROW","06KT","9999"
"2018-09-24 04:50:00","HEATHROW","04KT","9999"
"2018-09-24 04:20:00","HEATHROW","05KT","9999"
"2018-09-24 03:50:00","HEATHROW","05KT","9999"
"2018-09-24 03:20:00","HEATHROW","05KT","9999"
"2018-09-24 02:50:00","HEATHROW","03KT","9999"
"2018-09-24 02:20:00","HEATHROW","03KT","9999"
"2018-09-24 01:50:00","HEATHROW","04KT","9999"
"2018-09-24 01:20:00","HEATHROW","05KT","9999"
"2018-09-24 00:50:00","HEATHROW","05KT","9999"
"2018-09-24 00:20:00","HEATHROW","06KT","9999"
"2018-09-23 23:50:00","HEATHROW","04KT","9999"
"2018-09-23 23:20:00","HEATHROW","05KT","9999"
"2018-09-23 22:50:00","HEATHROW","06KT","9999"
"2018-09-23 22:20:00","HEATHROW","05KT","9999"
"2018-09-23 21:50:00","HEATHROW","05KT","9999"
"2018-09-23 21:20:00","HEATHROW","03KT","9999"
"2018-09-23 20:50:00","HEATHROW","06KT","9999"
"2018-09-23 20:20:00","HEATHROW","04KT","9999"
"2018-09-23 19:50:00","HEATHROW","04KT","9999"
"2018-09-23 19:20:00","HEATHROW","03KT","9999"
"2018-09-23 18:50:00","HEATHROW","05KT","9999"
"2018-09-23 18:20:00","HEATHROW","07KT","9999"
"2018-09-23 17:50:00","HEATHROW","05KT","9999"
"2018-09-23 17:20:00","HEATHROW","04KT","9999"
"2018-09-23 16:50:00","HEATHROW","07KT","9999"
"2018-09-23 16:20:00","HEATHROW","08KT","9999"
"2018-09-23 15:50:00","HEATHROW","12KT","9999"
"2018-09-23 15:20:00","HEATHROW","23KT","9999"
"2018-09-23 14:50:00","HEATHROW","09KT","9999"
"2018-09-23 14:20:00","HEATHROW","09KT","9999"
"2018-09-23 13:50:00","HEATHROW","11KT","9999"
"2018-09-23 13:20:00","HEATHROW","12KT","9999"
"2018-09-23 12:50:00","HEATHROW","07KT","9999"
"2018-09-23 12:20:00","HEATHROW","07KT","9999"
"2018-09-23 11:50:00","HEATHROW","04KT","9999"
"2018-09-23 11:20:00","HEATHROW","06KT","9999"
"2018-09-23 10:50:00","HEATHROW","07KT","9999"
"2018-09-23 10:20:00","HEATHROW","10KT","300V040"
"2018-09-23 09:50:00","HEATHROW","09KT","9999"
"2018-09-23 09:20:00","HEATHROW","06KT","9999"
"2018-09-23 08:50:00","HEATHROW","04KT","6000"
"2018-09-23 08:20:00","HEATHROW","06KT","6000"
"2018-09-23 07:50:00","HEATHROW","06KT","9999"
"2018-09-23 07:20:00","HEATHROW","04KT","6000"
"2018-09-23 06:50:00","HEATHROW","05KT","3500"
"2018-09-23 06:20:00","HEATHROW","06KT","9999"
"2018-09-23 05:50:00","HEATHROW","07KT","2500"
"2018-09-23 05:20:00","HEATHROW","06KT","9999"
"2018-09-23 04:50:00","HEATHROW","07KT","9999"
"2018-09-23 04:20:00","HEATHROW","08KT","3600"
"2018-09-23 03:50:00","HEATHROW","05KT","3800"
"2018-09-23 03:20:00","HEATHROW","06KT","9999"
"2018-09-23 02:50:00","HEATHROW","04KT","9999"
"2018-09-23 02:20:00","HEATHROW","05KT","9999"
"2018-09-23 01:50:00","HEATHROW","06KT","5000"
"2018-09-23 01:20:00","HEATHROW","06KT","3200"
"2018-09-23 00:50:00","HEATHROW","06KT","9999"
"2018-09-23 00:20:00","HEATHROW","06KT","9999"
"2018-09-22 23:50:00","HEATHROW","05KT","010V080"
"2018-09-22 23:20:00","HEATHROW","05KT","010V070"
"2018-09-22 22:50:00","HEATHROW","06KT","7000"
"2018-09-22 22:20:00","HEATHROW","05KT","8000"
"2018-09-22 21:50:00","HEATHROW","05KT","7000"
"2018-09-22 21:20:00","HEATHROW","06KT","9999"
"2018-09-22 20:50:00","HEATHROW","06KT","9999"
"2018-09-22 20:20:00","HEATHROW","07KT","8000"
"2018-09-22 19:50:00","HEATHROW","06KT","9999"
"2018-09-22 19:20:00","HEATHROW","07KT","9999"
"2018-09-22 18:50:00","HEATHROW","08KT","9999"
"2018-09-22 18:20:00","HEATHROW","07KT","9999"
"2018-09-22 17:50:00","HEATHROW","07KT","9999"
"2018-09-22 17:20:00","HEATHROW","06KT","9999"
"2018-09-22 16:50:00","HEATHROW","07KT","9999"
"2018-09-22 16:20:00","HEATHROW","06KT","9999"
"2018-09-22 15:50:00","HEATHROW","08KT","5000"
"2018-09-22 15:20:00","HEATHROW","06KT","9999"
"2018-09-22 14:50:00","HEATHROW","05KT","9999"
"2018-09-22 14:20:00","HEATHROW","04KT","9999"
"2018-09-22 13:50:00","HEATHROW","05KT","9999"
"2018-09-22 13:20:00","HEATHROW","04KT","9999"
"2018-09-22 12:50:00","HEATHROW","03KT","9999"
"2018-09-22 12:20:00","HEATHROW","04KT","9999"
"2018-09-22 11:50:00","HEATHROW","06KT","9999"
"2018-09-22 11:20:00","HEATHROW","06KT","9999"
"2018-09-22 10:50:00","HEATHROW","10KT","9999"
"2018-09-22 10:20:00","HEATHROW","10KT","9999"
"2018-09-22 09:50:00","HEATHROW","08KT","9999"
"2018-09-22 09:20:00","HEATHROW","07KT","9999"
"2018-09-22 08:50:00","HEATHROW","09KT","9999"
"2018-09-22 08:20:00","HEATHROW","08KT","9999"
"2018-09-22 07:50:00","HEATHROW","09KT","9999"
"2018-09-22 07:20:00","HEATHROW","09KT","9999"
"2018-09-22 06:50:00","HEATHROW","09KT","9999"
"2018-09-22 06:20:00","HEATHROW","07KT","9999"
"2018-09-22 05:50:00","HEATHROW","08KT","9999"
"2018-09-22 05:20:00","HEATHROW","07KT","9999"
"2018-09-22 04:50:00","HEATHROW","07KT","9999"
"2018-09-22 04:20:00","HEATHROW","07KT","9999"
"2018-09-22 03:50:00","HEATHROW","08KT","9999"
"2018-09-22 03:20:00","HEATHROW","07KT","9999"
"2018-09-22 02:50:00","HEATHROW","09KT","9999"
"2018-09-22 02:20:00","HEATHROW","08KT","9999"
"2018-09-22 01:50:00","HEATHROW","07KT","9999"
"2018-09-22 01:20:00","HEATHROW","08KT","9999"
"2018-09-22 00:50:00","HEATHROW","08KT","9999"
"2018-09-22 00:20:00","HEATHROW","09KT","9999"
"2018-09-21 23:50:00","HEATHROW","08KT","9999"
"2018-09-21 23:20:00","HEATHROW","09KT","9999"
"2018-09-21 22:50:00","HEATHROW","09KT","9999"
"2018-09-21 22:20:00","HEATHROW","12KT","9999"
"2018-09-21 21:50:00","HEATHROW","12KT","9999"
"2018-09-21 21:20:00","HEATHROW","12KT","9999"
"2018-09-21 20:50:00","HEATHROW","12KT","9999"
"2018-09-21 20:20:00","HEATHROW","12KT","9999"
"2018-09-21 19:50:00","HEATHROW","13KT","9999"
"2018-09-21 19:20:00","HEATHROW","13KT","9999"
"2018-09-21 18:50:00","HEATHROW","13KT","9999"
"2018-09-21 18:20:00","HEATHROW","13KT","9999"
"2018-09-21 17:50:00","HEATHROW","17KT","9999"
"2018-09-21 17:20:00","HEATHROW","17KT","9999"
"2018-09-21 16:50:00","HEATHROW","18KT","9999"
"2018-09-21 16:20:00","HEATHROW","22KT","9999"
"2018-09-21 15:50:00","HEATHROW","22KT","9999"
"2018-09-21 15:20:00","HEATHROW","24KT","9999"
"2018-09-21 14:50:00","HEATHROW","23KT","9999"
"2018-09-21 14:20:00","HEATHROW","24KT","9999"
"2018-09-21 13:50:00","HEATHROW","39KT","9999"
"2018-09-21 13:20:00","HEATHROW","21KT","9999"
"2018-09-21 12:50:00","HEATHROW","35KT","9999"
"2018-09-21 12:20:00","HEATHROW","13KT","9999"
"2018-09-21 11:50:00","HEATHROW","34KT","9999"
"2018-09-21 11:20:00","HEATHROW","33KT","9999"
"2018-09-21 10:50:00","HEATHROW","29KT","9999"
"2018-09-21 10:20:00","HEATHROW","21KT","9999"
"2018-09-21 09:50:00","HEATHROW","20KT","9999"
"2018-09-21 09:20:00","HEATHROW","16KT","9999"
"2018-09-21 08:50:00","HEATHROW","17KT","9999"
"2018-09-21 08:20:00","HEATHROW","15KT","9999"
"2018-09-21 07:50:00","HEATHROW","17KT","9999"
"2018-09-21 07:20:00","HEATHROW","15KT","9999"
"2018-09-21 06:50:00","HEATHROW","15KT","9999"
"2018-09-21 06:20:00","HEATHROW","15KT","9999"
"2018-09-21 05:50:00","HEATHROW","15KT","9999"
"2018-09-21 05:20:00","HEATHROW","24KT","9999"
"2018-09-21 04:50:00","HEATHROW","16KT","9999"
"2018-09-21 04:20:00","HEATHROW","18KT","9999"
"2018-09-21 03:50:00","HEATHROW","17KT","9999"
"2018-09-21 03:20:00","HEATHROW","17KT","9999"
"2018-09-21 02:50:00","HEATHROW","16KT","9999"
"2018-09-21 02:20:00","HEATHROW","16KT","9999"
"2018-09-21 01:50:00","HEATHROW","20KT","9999"
"2018-09-21 01:20:00","HEATHROW","37KT","9999"
"2018-09-21 00:50:00","HEATHROW","20KT","3000"
"2018-09-21 00:20:00","HEATHROW","32KT","9999"
"2018-09-20 23:50:00","HEATHROW","22KT","9999"
"2018-09-20 23:20:00","HEATHROW","31KT","9999"
"2018-09-20 22:50:00","HEATHROW","19KT","9999"
"2018-09-20 22:20:00","HEATHROW","32KT","9999"
"2018-09-20 21:50:00","HEATHROW","17KT","9999"
"2018-09-20 21:20:00","HEATHROW","28KT","9999"
"2018-09-20 20:50:00","HEATHROW","17KT","9999"
"2018-09-20 20:20:00","HEATHROW","16KT","9999"
"2018-09-20 19:50:00","HEATHROW","17KT","9999"
"2018-09-20 19:20:00","HEATHROW","17KT","9999"
"2018-09-20 18:50:00","HEATHROW","16KT","9999"
"2018-09-20 18:20:00","HEATHROW","15KT","9999"
"2018-09-20 17:50:00","HEATHROW","29KT","9999"
"2018-09-20 17:20:00","HEATHROW","28KT","9999"
"2018-09-20 16:50:00","HEATHROW","18KT","9999"
"2018-09-20 16:20:00","HEATHROW","32KT","9999"
"2018-09-20 15:50:00","HEATHROW","33KT","9999"
"2018-09-20 15:20:00","HEATHROW","19KT","9999"
"2018-09-20 14:50:00","HEATHROW","19KT","9999"
"2018-09-20 14:20:00","HEATHROW","19KT","9999"
"2018-09-20 13:50:00","HEATHROW","20KT","9999"
"2018-09-20 13:20:00","HEATHROW","18KT","9999"
"2018-09-20 12:50:00","HEATHROW","27KT","9999"
"2018-09-20 12:20:00","HEATHROW","17KT","9999"
"2018-09-20 11:50:00","HEATHROW","17KT","9999"
"2018-09-20 11:20:00","HEATHROW","16KT","9999"
"2018-09-20 10:50:00","HEATHROW","12KT","9999"
"2018-09-20 10:20:00","HEATHROW","11KT","9999"
"2018-09-20 09:50:00","HEATHROW","11KT","8000"
"2018-09-20 09:20:00","HEATHROW","13KT","9999"
"2018-09-20 08:50:00","HEATHROW","13KT","9999"
"2018-09-20 08:20:00","HEATHROW","14KT","9999"
"2018-09-20 07:50:00","HEATHROW","13KT","9999"
"2018-09-20 07:20:00","HEATHROW","12KT","9999"
"2018-09-20 06:50:00","HEATHROW","11KT","9999"
"2018-09-20 06:20:00","HEATHROW","12KT","9999"
"2018-09-20 05:50:00","HEATHROW","10KT","9999"
"2018-09-20 05:20:00","HEATHROW","10KT","9999"
"2018-09-20 04:50:00","HEATHROW","12KT","9999"
"2018-09-20 04:20:00","HEATHROW","13KT","9999"
"2018-09-20 03:50:00","HEATHROW","14KT","9999"
"2018-09-20 03:20:00","HEATHROW","12KT","9999"
"2018-09-20 02:50:00","HEATHROW","12KT","9999"
"2018-09-20 02:20:00","HEATHROW","12KT","9999"
"2018-09-20 01:50:00","HEATHROW","12KT","9999"
"2018-09-20 01:20:00","HEATHROW","10KT","7000"
"2018-09-20 00:50:00","HEATHROW","09KT","9999"
"2018-09-20 00:20:00","HEATHROW","09KT","9999"
"2018-09-19 23:50:00","HEATHROW","06KT","9999"
"2018-09-19 23:20:00","HEATHROW","06KT","9999"
"2018-09-19 22:50:00","HEATHROW","08KT","9999"
"2018-09-19 22:20:00","HEATHROW","10KT","9999"
"2018-09-19 21:50:00","HEATHROW","12KT","9999"
"2018-09-19 21:20:00","HEATHROW","12KT","9999"
"2018-09-19 20:50:00","HEATHROW","12KT","9999"
"2018-09-19 20:20:00","HEATHROW","14KT","9999"
"2018-09-19 19:50:00","HEATHROW","17KT","9999"
"2018-09-19 19:20:00","HEATHROW","16KT","9999"
"2018-09-19 18:50:00","HEATHROW","27KT","9999"
"2018-09-19 18:20:00","HEATHROW","18KT","9999"
"2018-09-19 17:50:00","HEATHROW","17KT","9999"
"2018-09-19 17:20:00","HEATHROW","19KT","9999"
"2018-09-19 16:50:00","HEATHROW","17KT","9999"
"2018-09-19 16:20:00","HEATHROW","28KT","9999"
"2018-09-19 15:50:00","HEATHROW","18KT","9999"
"2018-09-19 15:20:00","HEATHROW","18KT","9999"
"2018-09-19 14:50:00","HEATHROW","19KT","9999"
"2018-09-19 14:20:00","HEATHROW","21KT","9999"
"2018-09-19 13:50:00","HEATHROW","37KT","9999"
"2018-09-19 13:20:00","HEATHROW","32KT","9999"
"2018-09-19 12:50:00","HEATHROW","35KT","9999"
"2018-09-19 12:20:00","HEATHROW","21KT","9999"
"2018-09-19 11:50:00","HEATHROW","35KT","9999"
"2018-09-19 11:20:00","HEATHROW","21KT","9999"
"2018-09-19 10:50:00","HEATHROW","20KT","9999"
"2018-09-19 10:20:00","HEATHROW","19KT","9999"
"2018-09-19 09:50:00","HEATHROW","15KT","9999"
"2018-09-19 09:20:00","HEATHROW","12KT","9999"
"2018-09-19 08:50:00","HEATHROW","26KT","9999"
"2018-09-19 08:20:00","HEATHROW","13KT","9999"
"2018-09-19 07:50:00","HEATHROW","13KT","9999"
"2018-09-19 07:20:00","HEATHROW","12KT","9999"
"2018-09-19 06:50:00","HEATHROW","10KT","9999"
"2018-09-19 06:20:00","HEATHROW","09KT","9999"
"2018-09-19 05:50:00","HEATHROW","10KT","9999"
"2018-09-19 05:20:00","HEATHROW","07KT","9999"
"2018-09-19 04:50:00","HEATHROW","07KT","9999"
"2018-09-19 04:20:00","HEATHROW","09KT","9999"
"2018-09-19 03:50:00","HEATHROW","09KT","9999"
"2018-09-19 03:20:00","HEATHROW","12KT","9999"
"2018-09-19 02:50:00","HEATHROW","10KT","9999"
"2018-09-19 02:20:00","HEATHROW","10KT","9999"
"2018-09-19 01:50:00","HEATHROW","10KT","9999"
"2018-09-19 01:20:00","HEATHROW","09KT","9999"
"2018-09-19 00:50:00","HEATHROW","09KT","9999"
"2018-09-19 00:20:00","HEATHROW","09KT","9999"
"2018-09-18 23:50:00","HEATHROW","08KT","9999"
"2018-09-18 23:20:00","HEATHROW","08KT","9999"
"2018-09-18 22:50:00","HEATHROW","10KT","9999"
"2018-09-18 22:20:00","HEATHROW","09KT","9999"
"2018-09-18 21:50:00","HEATHROW","11KT","9999"
"2018-09-18 21:20:00","HEATHROW","12KT","9999"
"2018-09-18 20:50:00","HEATHROW","12KT","9999"
"2018-09-18 20:20:00","HEATHROW","12KT","9999"
"2018-09-18 19:50:00","HEATHROW","11KT","9999"
"2018-09-18 19:20:00","HEATHROW","12KT","9999"
"2018-09-18 18:50:00","HEATHROW","14KT","9999"
"2018-09-18 18:20:00","HEATHROW","12KT","9999"
"2018-09-18 17:50:00","HEATHROW","12KT","9999"
"2018-09-18 17:20:00","HEATHROW","13KT","9999"
"2018-09-18 16:50:00","HEATHROW","17KT","9999"
"2018-09-18 16:20:00","HEATHROW","15KT","9999"
"2018-09-18 15:50:00","HEATHROW","18KT","9999"
"2018-09-18 15:20:00","HEATHROW","32KT","9999"
"2018-09-18 14:50:00","HEATHROW","29KT","9999"
"2018-09-18 14:20:00","HEATHROW","15KT","9999"
"2018-09-18 13:50:00","HEATHROW","15KT","9999"
"2018-09-18 13:20:00","HEATHROW","16KT","9999"
"2018-09-18 12:50:00","HEATHROW","16KT","9999"
"2018-09-18 12:20:00","HEATHROW","15KT","9999"
"2018-09-18 11:50:00","HEATHROW","15KT","9999"
"2018-09-18 11:20:00","HEATHROW","19KT","9999"
"2018-09-18 10:50:00","HEATHROW","17KT","9999"
"2018-09-18 10:20:00","HEATHROW","18KT","9999"
"2018-09-18 09:50:00","HEATHROW","17KT","9999"
"2018-09-18 09:20:00","HEATHROW","16KT","9999"
"2018-09-18 08:50:00","HEATHROW","18KT","9999"
"2018-09-18 08:20:00","HEATHROW","26KT","9999"
"2018-09-18 07:50:00","HEATHROW","15KT","9999"
"2018-09-18 07:20:00","HEATHROW","24KT","9999"
"2018-09-18 06:50:00","HEATHROW","16KT","9999"
"2018-09-18 06:20:00","HEATHROW","25KT","9999"
"2018-09-18 05:50:00","HEATHROW","32KT","9999"
"2018-09-18 05:20:00","HEATHROW","17KT","9999"
"2018-09-18 04:50:00","HEATHROW","16KT","9999"
"2018-09-18 04:20:00","HEATHROW","25KT","9999"
"2018-09-18 03:50:00","HEATHROW","14KT","9999"
"2018-09-18 03:20:00","HEATHROW","13KT","9999"
"2018-09-18 02:50:00","HEATHROW","10KT","9999"
"2018-09-18 02:20:00","HEATHROW","11KT","9999"
"2018-09-18 01:50:00","HEATHROW","08KT","9999"
"2018-09-18 01:20:00","HEATHROW","06KT","9999"
"2018-09-18 00:50:00","HEATHROW","05KT","9999"
"2018-09-18 00:20:00","HEATHROW","04KT","9999"
"2018-09-17 23:50:00","HEATHROW","04KT","9999"
"2018-09-17 23:20:00","HEATHROW","06KT","9999"
"2018-09-17 22:50:00","HEATHROW","06KT","9999"
"2018-09-17 22:20:00","HEATHROW","06KT","9999"
"2018-09-17 21:50:00","HEATHROW","06KT","9999"
"2018-09-17 21:20:00","HEATHROW","05KT","9999"
"2018-09-17 20:50:00","HEATHROW","05KT","9999"
"2018-09-17 20:20:00","HEATHROW","06KT","9999"
"2018-09-17 19:50:00","HEATHROW","05KT","9999"
"2018-09-17 19:20:00","HEATHROW","06KT","9999"
"2018-09-17 18:50:00","HEATHROW","07KT","9999"
"2018-09-17 18:20:00","HEATHROW","08KT","9999"
"2018-09-17 17:50:00","HEATHROW","10KT","9999"
"2018-09-17 17:20:00","HEATHROW","11KT","9999"
"2018-09-17 16:50:00","HEATHROW","12KT","9999"
"2018-09-17 16:20:00","HEATHROW","13KT","9999"
"2018-09-17 15:50:00","HEATHROW","13KT","9999"
"2018-09-17 15:20:00","HEATHROW","13KT","9999"
"2018-09-17 14:50:00","HEATHROW","14KT","9999"
"2018-09-17 14:20:00","HEATHROW","15KT","9999"
"2018-09-17 13:50:00","HEATHROW","13KT","9999"
"2018-09-17 13:20:00","HEATHROW","14KT","9999"
"2018-09-17 12:50:00","HEATHROW","13KT","9999"
"2018-09-17 12:20:00","HEATHROW","14KT","9999"
"2018-09-17 11:50:00","HEATHROW","13KT","9999"
"2018-09-17 11:20:00","HEATHROW","23KT","9999"
"2018-09-17 10:50:00","HEATHROW","12KT","9999"
"2018-09-17 10:20:00","HEATHROW","12KT","9999"
"2018-09-17 09:50:00","HEATHROW","22KT","9999"
"2018-09-17 09:20:00","HEATHROW","12KT","9999"
"2018-09-17 08:50:00","HEATHROW","11KT","9999"
"2018-09-17 08:20:00","HEATHROW","12KT","9999"
"2018-09-17 07:50:00","HEATHROW","11KT","9999"
"2018-09-17 07:20:00","HEATHROW","09KT","9999"
"2018-09-17 06:50:00","HEATHROW","08KT","9999"
"2018-09-17 06:20:00","HEATHROW","09KT","9999"
"2018-09-17 05:50:00","HEATHROW","10KT","9999"
"2018-09-17 05:20:00","HEATHROW","11KT","9999"
"2018-09-17 04:50:00","HEATHROW","08KT","9999"
"2018-09-17 04:20:00","HEATHROW","07KT","9999"
"2018-09-17 03:50:00","HEATHROW","07KT","9999"
"2018-09-17 03:20:00","HEATHROW","06KT","9999"
"2018-09-17 02:50:00","HEATHROW","05KT","9999"
"2018-09-17 02:20:00","HEATHROW","05KT","9999"
"2018-09-17 01:50:00","HEATHROW","05KT","9999"
"2018-09-17 01:20:00","HEATHROW","04KT","9999"
"2018-09-17 00:50:00","HEATHROW","05KT","9999"
"2018-09-17 00:20:00","HEATHROW","06KT","9999"
"2018-09-16 23:50:00","HEATHROW","06KT","9999"
"2018-09-16 23:20:00","HEATHROW","07KT","9999"
"2018-09-16 22:50:00","HEATHROW","07KT","9999"
"2018-09-16 22:20:00","HEATHROW","05KT","9999"
"2018-09-16 21:50:00","HEATHROW","07KT","9999"
"2018-09-16 21:20:00","HEATHROW","07KT","9999"
"2018-09-16 20:50:00","HEATHROW","08KT","9999"
"2018-09-16 20:20:00","HEATHROW","08KT","9999"
"2018-09-16 19:50:00","HEATHROW","08KT","9999"
"2018-09-16 19:20:00","HEATHROW","09KT","9999"
"2018-09-16 18:50:00","HEATHROW","08KT","9999"
"2018-09-16 18:20:00","HEATHROW","10KT","9999"
"2018-09-16 17:50:00","HEATHROW","11KT","9999"
"2018-09-16 17:20:00","HEATHROW","10KT","9999"
"2018-09-16 16:50:00","HEATHROW","12KT","9999"
"2018-09-16 16:20:00","HEATHROW","12KT","9999"
"2018-09-16 15:50:00","HEATHROW","12KT","9999"
"2018-09-16 15:20:00","HEATHROW","12KT","9999"
"2018-09-16 14:50:00","HEATHROW","15KT","9999"
"2018-09-16 14:20:00","HEATHROW","14KT","9999"
"2018-09-16 13:50:00","HEATHROW","15KT","9999"
"2018-09-16 13:20:00","HEATHROW","16KT","9999"
"2018-09-16 12:50:00","HEATHROW","13KT","9999"
"2018-09-16 12:20:00","HEATHROW","13KT","9999"
"2018-09-16 11:50:00","HEATHROW","15KT","9999"
"2018-09-16 11:20:00","HEATHROW","14KT","9999"
"2018-09-16 10:50:00","HEATHROW","16KT","9999"
"2018-09-16 10:20:00","HEATHROW","11KT","9999"
"2018-09-16 09:50:00","HEATHROW","09KT","9999"
"2018-09-16 09:20:00","HEATHROW","11KT","9999"
"2018-09-16 08:50:00","HEATHROW","11KT","9999"
"2018-09-16 08:20:00","HEATHROW","10KT","9999"
"2018-09-16 07:50:00","HEATHROW","08KT","9999"
"2018-09-16 07:20:00","HEATHROW","05KT","9999"
"2018-09-16 06:50:00","HEATHROW","04KT","9999"
"2018-09-16 06:20:00","HEATHROW","07KT","9999"
"2018-09-16 05:50:00","HEATHROW","06KT","9999"
"2018-09-16 05:20:00","HEATHROW","05KT","9999"
"2018-09-16 04:50:00","HEATHROW","03KT","9999"
"2018-09-16 04:20:00","HEATHROW","03KT","9999"
"2018-09-16 03:50:00","HEATHROW","05KT","9999"
"2018-09-16 03:20:00","HEATHROW","05KT","9999"
"2018-09-16 02:50:00","HEATHROW","06KT","9999"
"2018-09-16 02:20:00","HEATHROW","07KT","9999"
"2018-09-16 01:50:00","HEATHROW","08KT","9999"
"2018-09-16 01:20:00","HEATHROW","06KT","9999"
"2018-09-16 00:50:00","HEATHROW","05KT","9999"
"2018-09-16 00:20:00","HEATHROW","06KT","9999"
"2018-09-15 23:50:00","HEATHROW","07KT","9999"
"2018-09-15 23:20:00","HEATHROW","07KT","9999"
"2018-09-15 22:50:00","HEATHROW","08KT","9999"
"2018-09-15 22:20:00","HEATHROW","08KT","9999"
"2018-09-15 21:50:00","HEATHROW","08KT","9999"
"2018-09-15 21:20:00","HEATHROW","07KT","9999"
"2018-09-15 20:50:00","HEATHROW","07KT","9999"
"2018-09-15 20:20:00","HEATHROW","09KT","9999"
"2018-09-15 19:50:00","HEATHROW","08KT","9999"
"2018-09-15 19:20:00","HEATHROW","09KT","9999"
"2018-09-15 18:50:00","HEATHROW","08KT","9999"
"2018-09-15 18:20:00","HEATHROW","09KT","9999"
"2018-09-15 17:50:00","HEATHROW","08KT","9999"
"2018-09-15 17:20:00","HEATHROW","07KT","9999"
"2018-09-15 16:50:00","HEATHROW","08KT","9999"
"2018-09-15 16:20:00","HEATHROW","08KT","9999"
"2018-09-15 15:50:00","HEATHROW","07KT","9999"
"2018-09-15 15:20:00","HEATHROW","09KT","9999"
"2018-09-15 14:50:00","HEATHROW","08KT","9999"
"2018-09-15 14:20:00","HEATHROW","06KT","9999"
"2018-09-15 13:50:00","HEATHROW","11KT","9999"
"2018-09-15 13:20:00","HEATHROW","08KT","9999"
"2018-09-15 12:50:00","HEATHROW","10KT","9999"
"2018-09-15 12:20:00","HEATHROW","09KT","9999"
"2018-09-15 11:50:00","HEATHROW","11KT","9999"
"2018-09-15 11:20:00","HEATHROW","09KT","9999"
"2018-09-15 10:50:00","HEATHROW","08KT","9999"
"2018-09-15 10:20:00","HEATHROW","10KT","9999"
"2018-09-15 09:50:00","HEATHROW","07KT","9999"
"2018-09-15 09:20:00","HEATHROW","06KT","9999"
"2018-09-15 08:50:00","HEATHROW","08KT","9999"
"2018-09-15 08:20:00","HEATHROW","06KT","9999"
"2018-09-15 07:50:00","HEATHROW","05KT","9999"
"2018-09-15 07:20:00","HEATHROW","05KT","9999"
"2018-09-15 06:50:00","HEATHROW","05KT","9999"
"2018-09-15 06:20:00","HEATHROW","05KT","9999"
"2018-09-15 05:50:00","HEATHROW","05KT","9999"
"2018-09-15 05:20:00","HEATHROW","06KT","9999"
"2018-09-15 04:50:00","HEATHROW","03KT","9999"
"2018-09-15 04:20:00","HEATHROW","07KT","9999"
"2018-09-15 03:50:00","HEATHROW","07KT","9999"
"2018-09-15 03:20:00","HEATHROW","05KT","9999"
"2018-09-15 02:50:00","HEATHROW","05KT","9999"
"2018-09-15 02:20:00","HEATHROW","06KT","9999"
"2018-09-15 01:50:00","HEATHROW","06KT","9999"
"2018-09-15 01:20:00","HEATHROW","05KT","9999"
"2018-09-15 00:50:00","HEATHROW","06KT","9999"
"2018-09-15 00:20:00","HEATHROW","05KT","9999"
"2018-09-14 23:50:00","HEATHROW","06KT","9999"
"2018-09-14 23:20:00","HEATHROW","07KT","9999"
"2018-09-14 22:50:00","HEATHROW","10KT","9999"
"2018-09-14 22:20:00","HEATHROW","09KT","9999"
"2018-09-14 21:50:00","HEATHROW","09KT","9999"
"2018-09-14 21:20:00","HEATHROW","11KT","9999"
"2018-09-14 20:50:00","HEATHROW","07KT","9999"
"2018-09-14 20:20:00","HEATHROW","10KT","9999"
"2018-09-14 19:50:00","HEATHROW","09KT","9999"
"2018-09-14 19:20:00","HEATHROW","09KT","9999"
"2018-09-14 18:50:00","HEATHROW","09KT","9999"
"2018-09-14 18:20:00","HEATHROW","10KT","9999"
"2018-09-14 17:50:00","HEATHROW","09KT","9999"
"2018-09-14 17:20:00","HEATHROW","10KT","9999"
"2018-09-14 16:50:00","HEATHROW","12KT","9999"
"2018-09-14 16:20:00","HEATHROW","09KT","9999"
"2018-09-14 15:50:00","HEATHROW","11KT","9999"
"2018-09-14 15:20:00","HEATHROW","14KT","9999"
"2018-09-14 14:50:00","HEATHROW","11KT","9999"
"2018-09-14 14:20:00","HEATHROW","10KT","9999"
"2018-09-14 13:50:00","HEATHROW","14KT","9999"
"2018-09-14 13:20:00","HEATHROW","15KT","8000"
"2018-09-14 12:50:00","HEATHROW","12KT","9999"
"2018-09-14 12:20:00","HEATHROW","14KT","9999"
"2018-09-14 11:50:00","HEATHROW","12KT","9999"
"2018-09-14 11:20:00","HEATHROW","13KT","9999"
"2018-09-14 10:50:00","HEATHROW","13KT","9999"
"2018-09-14 10:20:00","HEATHROW","14KT","9999"
"2018-09-14 09:50:00","HEATHROW","12KT","9999"
"2018-09-14 09:20:00","HEATHROW","11KT","9999"
"2018-09-14 08:50:00","HEATHROW","11KT","9999"
"2018-09-14 08:20:00","HEATHROW","09KT","9999"
"2018-09-14 07:50:00","HEATHROW","07KT","9999"
"2018-09-14 07:20:00","HEATHROW","06KT","9999"
"2018-09-14 06:50:00","HEATHROW","07KT","9999"
"2018-09-14 06:20:00","HEATHROW","05KT","9999"
"2018-09-14 05:50:00","HEATHROW","07KT","9999"
"2018-09-14 05:20:00","HEATHROW","05KT","9999"
"2018-09-14 04:50:00","HEATHROW","05KT","9999"
"2018-09-14 04:20:00","HEATHROW","07KT","9999"
"2018-09-14 03:50:00","HEATHROW","06KT","9999"
"2018-09-14 03:20:00","HEATHROW","04KT","9999"
"2018-09-14 02:50:00","HEATHROW","04KT","9999"
"2018-09-14 02:20:00","HEATHROW","06KT","9999"
"2018-09-14 01:50:00","HEATHROW","07KT","9999"
"2018-09-14 01:20:00","HEATHROW","04KT","9999"
"2018-09-14 00:50:00","HEATHROW","04KT","9999"
"2018-09-14 00:20:00","HEATHROW","03KT","9999"
"2018-09-13 23:50:00","HEATHROW","04KT","9999"
"2018-09-13 23:20:00","HEATHROW","05KT","9999"
"2018-09-13 22:50:00","HEATHROW","06KT","9999"
"2018-09-13 22:20:00","HEATHROW","06KT","9999"
"2018-09-13 21:50:00","HEATHROW","05KT","9999"
"2018-09-13 21:20:00","HEATHROW","07KT","9999"
"2018-09-13 20:50:00","HEATHROW","07KT","9999"
"2018-09-13 20:20:00","HEATHROW","07KT","9999"
"2018-09-13 19:50:00","HEATHROW","07KT","9999"
"2018-09-13 19:20:00","HEATHROW","05KT","9999"
"2018-09-13 18:50:00","HEATHROW","04KT","9999"
"2018-09-13 18:20:00","HEATHROW","06KT","9999"
"2018-09-13 17:50:00","HEATHROW","06KT","9999"
"2018-09-13 17:20:00","HEATHROW","04KT","9999"
"2018-09-13 16:50:00","HEATHROW","09KT","9999"
"2018-09-13 16:20:00","HEATHROW","08KT","9999"
"2018-09-13 15:50:00","HEATHROW","10KT","9999"
"2018-09-13 15:20:00","HEATHROW","09KT","9999"
"2018-09-13 14:50:00","HEATHROW","07KT","9999"
"2018-09-13 14:20:00","HEATHROW","09KT","9999"
"2018-09-13 13:50:00","HEATHROW","07KT","9999"
"2018-09-13 13:20:00","HEATHROW","07KT","9999"
"2018-09-13 12:50:00","HEATHROW","08KT","9999"
"2018-09-13 12:20:00","HEATHROW","09KT","9999"
"2018-09-13 11:50:00","HEATHROW","09KT","9999"
"2018-09-13 11:20:00","HEATHROW","07KT","9999"
"2018-09-13 10:50:00","HEATHROW","09KT","9999"
"2018-09-13 10:20:00","HEATHROW","08KT","9999"
"2018-09-13 09:50:00","HEATHROW","05KT","9999"
"2018-09-13 09:20:00","HEATHROW","05KT","9999"
"2018-09-13 08:50:00","HEATHROW","04KT","9999"
"2018-09-13 08:20:00","HEATHROW","03KT","9999"
"2018-09-13 07:50:00","HEATHROW","04KT","9999"
"2018-09-13 07:20:00","HEATHROW","04KT","9999"
"2018-09-13 06:50:00","HEATHROW","02KT","9999"
"2018-09-13 06:20:00","HEATHROW","02KT","9999"
"2018-09-13 05:50:00","HEATHROW","02KT","9999"
"2018-09-13 05:20:00","HEATHROW","02KT","9999"
"2018-09-13 04:50:00","HEATHROW","03KT","9999"
"2018-09-13 04:20:00","HEATHROW","01KT","9999"
"2018-09-13 03:50:00","HEATHROW","00KT","9999"
"2018-09-13 03:20:00","HEATHROW","01KT","9000"
"2018-09-13 02:50:00","HEATHROW","02KT","7000"
"2018-09-13 02:20:00","HEATHROW","03KT","8000"
"2018-09-13 01:50:00","HEATHROW","03KT","9999"
"2018-09-13 01:20:00","HEATHROW","01KT","7000"
"2018-09-13 00:50:00","HEATHROW","03KT","9999"
"2018-09-13 00:20:00","HEATHROW","02KT","8000"
"2018-09-12 23:50:00","HEATHROW","02KT","9999"
"2018-09-12 23:20:00","HEATHROW","01KT","9999"
"2018-09-12 22:50:00","HEATHROW","03KT","9999"
"2018-09-12 22:20:00","HEATHROW","02KT","9999"
"2018-09-12 21:50:00","HEATHROW","01KT","CAVOK"
"2018-09-12 21:20:00","HEATHROW","02KT","9999"
"2018-09-12 20:50:00","HEATHROW","02KT","9999"
"2018-09-12 20:20:00","HEATHROW","02KT","9999"
"2018-09-12 19:50:00","HEATHROW","01KT","9999"
"2018-09-12 19:20:00","HEATHROW","02KT","9999"
"2018-09-12 18:50:00","HEATHROW","01KT","9999"
"2018-09-12 18:20:00","HEATHROW","03KT","9999"
"2018-09-12 17:50:00","HEATHROW","02KT","9999"
"2018-09-12 17:20:00","HEATHROW","03KT","9999"
"2018-09-12 16:50:00","HEATHROW","02KT","9999"
"2018-09-12 16:20:00","HEATHROW","04KT","9999"
"2018-09-12 15:50:00","HEATHROW","04KT","9999"
"2018-09-12 15:20:00","HEATHROW","04KT","9999"
"2018-09-12 14:50:00","HEATHROW","04KT","9999"
"2018-09-12 14:20:00","HEATHROW","04KT","9999"
"2018-09-12 13:50:00","HEATHROW","05KT","9999"
"2018-09-12 13:20:00","HEATHROW","04KT","9999"
"2018-09-12 12:50:00","HEATHROW","04KT","9999"
"2018-09-12 12:20:00","HEATHROW","03KT","9999"
"2018-09-12 11:50:00","HEATHROW","04KT","9999"
"2018-09-12 11:20:00","HEATHROW","04KT","9999"
"2018-09-12 10:50:00","HEATHROW","05KT","9999"
"2018-09-12 10:20:00","HEATHROW","05KT","9999"
"2018-09-12 09:50:00","HEATHROW","04KT","9999"
"2018-09-12 09:20:00","HEATHROW","05KT","9999"
"2018-09-12 08:50:00","HEATHROW","04KT","9999"
"2018-09-12 08:20:00","HEATHROW","04KT","9999"
"2018-09-12 07:50:00","HEATHROW","06KT","9999"
"2018-09-12 07:20:00","HEATHROW","05KT","9999"
"2018-09-12 06:50:00","HEATHROW","05KT","9999"
"2018-09-12 06:20:00","HEATHROW","06KT","9000"
"2018-09-12 05:50:00","HEATHROW","04KT","310V030"
"2018-09-12 05:20:00","HEATHROW","03KT","4000"
"2018-09-12 04:50:00","HEATHROW","03KT","3200"
"2018-09-12 04:20:00","HEATHROW","04KT","4100"
"2018-09-12 03:50:00","HEATHROW","03KT","9999"
"2018-09-12 03:20:00","HEATHROW","05KT","4500"
"2018-09-12 02:50:00","HEATHROW","05KT","6000"
"2018-09-12 02:20:00","HEATHROW","04KT","8000"
"2018-09-12 01:50:00","HEATHROW","07KT","6000"
"2018-09-12 01:20:00","HEATHROW","04KT","4900"
"2018-09-12 00:50:00","HEATHROW","05KT","3300"
"2018-09-12 00:20:00","HEATHROW","05KT","9999"
"2018-09-11 23:50:00","HEATHROW","06KT","4800"
"2018-09-11 23:20:00","HEATHROW","04KT","260V330"
"2018-09-11 22:50:00","HEATHROW","06KT","2500"
"2018-09-11 22:20:00","HEATHROW","09KT","2800"
"2018-09-11 21:50:00","HEATHROW","05KT","2800"
"2018-09-11 21:20:00","HEATHROW","06KT","2800"
"2018-09-11 20:50:00","HEATHROW","05KT","3200"
"2018-09-11 20:20:00","HEATHROW","06KT","3000"
"2018-09-11 19:50:00","HEATHROW","09KT","4200"
"2018-09-11 19:20:00","HEATHROW","10KT","9999"
"2018-09-11 18:50:00","HEATHROW","10KT","9999"
"2018-09-11 18:20:00","HEATHROW","11KT","9999"
"2018-09-11 17:50:00","HEATHROW","11KT","9999"
"2018-09-11 17:20:00","HEATHROW","11KT","9999"
"2018-09-11 16:50:00","HEATHROW","13KT","9999"
"2018-09-11 16:20:00","HEATHROW","12KT","9999"
"2018-09-11 15:50:00","HEATHROW","14KT","9999"
"2018-09-11 15:20:00","HEATHROW","14KT","9999"
"2018-09-11 14:50:00","HEATHROW","12KT","9999"
"2018-09-11 14:20:00","HEATHROW","13KT","9999"
"2018-09-11 13:50:00","HEATHROW","14KT","9999"
"2018-09-11 13:20:00","HEATHROW","15KT","9999"
"2018-09-11 12:50:00","HEATHROW","13KT","9999"
"2018-09-11 12:20:00","HEATHROW","13KT","9999"
"2018-09-11 11:50:00","HEATHROW","14KT","9999"
"2018-09-11 11:20:00","HEATHROW","13KT","9999"
"2018-09-11 10:50:00","HEATHROW","14KT","9999"
"2018-09-11 10:20:00","HEATHROW","14KT","9999"
"2018-09-11 09:50:00","HEATHROW","15KT","9999"
"2018-09-11 09:20:00","HEATHROW","13KT","9999"
"2018-09-11 08:50:00","HEATHROW","13KT","9999"
"2018-09-11 08:20:00","HEATHROW","14KT","9999"
"2018-09-11 07:50:00","HEATHROW","14KT","9999"
"2018-09-11 07:20:00","HEATHROW","14KT","9999"
"2018-09-11 06:50:00","HEATHROW","13KT","9999"
"2018-09-11 06:20:00","HEATHROW","14KT","9999"
"2018-09-11 05:50:00","HEATHROW","13KT","9999"
"2018-09-11 05:20:00","HEATHROW","12KT","9999"
"2018-09-11 04:50:00","HEATHROW","11KT","9999"
"2018-09-11 04:20:00","HEATHROW","13KT","9999"
"2018-09-11 03:50:00","HEATHROW","13KT","9999"
"2018-09-11 03:20:00","HEATHROW","12KT","9999"
"2018-09-11 02:50:00","HEATHROW","11KT","9999"
"2018-09-11 02:20:00","HEATHROW","11KT","9999"
"2018-09-11 01:50:00","HEATHROW","12KT","9999"
"2018-09-11 01:20:00","HEATHROW","11KT","9999"
"2018-09-11 00:50:00","HEATHROW","11KT","9999"
"2018-09-11 00:20:00","HEATHROW","12KT","9999"
"2018-09-10 23:50:00","HEATHROW","12KT","9999"
"2018-09-10 23:20:00","HEATHROW","11KT","9999"
"2018-09-10 22:50:00","HEATHROW","11KT","9999"
"2018-09-10 22:20:00","HEATHROW","10KT","9999"
"2018-09-10 21:50:00","HEATHROW","09KT","9999"
"2018-09-10 21:20:00","HEATHROW","23KT","9999"
"2018-09-10 20:50:00","HEATHROW","11KT","9999"
"2018-09-10 20:20:00","HEATHROW","10KT","9999"
"2018-09-10 19:50:00","HEATHROW","10KT","9999"
"2018-09-10 19:20:00","HEATHROW","12KT","9999"
"2018-09-10 18:50:00","HEATHROW","11KT","9999"
"2018-09-10 18:20:00","HEATHROW","11KT","9999"
"2018-09-10 17:50:00","HEATHROW","12KT","9999"
"2018-09-10 17:20:00","HEATHROW","13KT","9999"
"2018-09-10 16:50:00","HEATHROW","13KT","9999"
"2018-09-10 16:20:00","HEATHROW","13KT","9999"
"2018-09-10 15:50:00","HEATHROW","12KT","9999"
"2018-09-10 15:20:00","HEATHROW","14KT","9999"
"2018-09-10 14:50:00","HEATHROW","14KT","9999"
"2018-09-10 14:20:00","HEATHROW","12KT","9999"
"2018-09-10 13:50:00","HEATHROW","15KT","9999"
"2018-09-10 13:20:00","HEATHROW","13KT","9999"
"2018-09-10 12:50:00","HEATHROW","12KT","9999"
"2018-09-10 12:20:00","HEATHROW","12KT","9999"
"2018-09-10 11:50:00","HEATHROW","11KT","9999"
"2018-09-10 11:20:00","HEATHROW","14KT","9999"
"2018-09-10 10:50:00","HEATHROW","14KT","9999"
"2018-09-10 10:20:00","HEATHROW","12KT","9999"
"2018-09-10 09:50:00","HEATHROW","12KT","9999"
"2018-09-10 09:20:00","HEATHROW","10KT","9999"
"2018-09-10 08:50:00","HEATHROW","12KT","9999"
"2018-09-10 08:20:00","HEATHROW","10KT","9999"
"2018-09-10 07:50:00","HEATHROW","09KT","9999"
"2018-09-10 07:20:00","HEATHROW","08KT","9999"
"2018-09-10 06:50:00","HEATHROW","09KT","9999"
"2018-09-10 06:20:00","HEATHROW","07KT","9999"
"2018-09-10 05:50:00","HEATHROW","08KT","9999"
"2018-09-10 05:20:00","HEATHROW","07KT","9999"
"2018-09-10 04:50:00","HEATHROW","05KT","9999"
"2018-09-10 04:20:00","HEATHROW","05KT","9999"
"2018-09-10 03:50:00","HEATHROW","06KT","9999"
"2018-09-10 03:20:00","HEATHROW","06KT","9999"
"2018-09-10 02:50:00","HEATHROW","04KT","9999"
"2018-09-10 02:20:00","HEATHROW","05KT","9999"
"2018-09-10 01:50:00","HEATHROW","05KT","9999"
"2018-09-10 01:20:00","HEATHROW","06KT","9999"
"2018-09-10 00:50:00","HEATHROW","05KT","9999"
"2018-09-10 00:20:00","HEATHROW","05KT","9999"
"2018-09-09 23:50:00","HEATHROW","07KT","9999"
"2018-09-09 23:20:00","HEATHROW","07KT","9999"
"2018-09-09 22:50:00","HEATHROW","07KT","9999"
"2018-09-09 22:20:00","HEATHROW","07KT","9999"
"2018-09-09 21:50:00","HEATHROW","07KT","9999"
"2018-09-09 21:20:00","HEATHROW","10KT","9999"
"2018-09-09 20:50:00","HEATHROW","10KT","9999"
"2018-09-09 20:20:00","HEATHROW","08KT","9999"
"2018-09-09 19:50:00","HEATHROW","06KT","9999"
"2018-09-09 19:20:00","HEATHROW","08KT","9999"
"2018-09-09 18:50:00","HEATHROW","07KT","9999"
"2018-09-09 18:20:00","HEATHROW","10KT","9999"
"2018-09-09 17:50:00","HEATHROW","10KT","9999"
"2018-09-09 17:20:00","HEATHROW","10KT","9999"
"2018-09-09 16:50:00","HEATHROW","11KT","9999"
"2018-09-09 16:20:00","HEATHROW","13KT","9999"
"2018-09-09 15:50:00","HEATHROW","15KT","9999"
"2018-09-09 15:20:00","HEATHROW","16KT","9999"
"2018-09-09 14:50:00","HEATHROW","14KT","9999"
"2018-09-09 14:20:00","HEATHROW","14KT","9999"
"2018-09-09 13:50:00","HEATHROW","13KT","9999"
"2018-09-09 13:20:00","HEATHROW","13KT","9999"
"2018-09-09 12:50:00","HEATHROW","11KT","9999"
"2018-09-09 12:20:00","HEATHROW","14KT","9999"
"2018-09-09 11:50:00","HEATHROW","12KT","9999"
"2018-09-09 11:20:00","HEATHROW","15KT","9999"
"2018-09-09 10:50:00","HEATHROW","12KT","9999"
"2018-09-09 10:20:00","HEATHROW","13KT","9999"
"2018-09-09 09:50:00","HEATHROW","13KT","9999"
"2018-09-09 09:20:00","HEATHROW","12KT","9999"
"2018-09-09 08:50:00","HEATHROW","11KT","9999"
"2018-09-09 08:20:00","HEATHROW","10KT","9999"
"2018-09-09 07:50:00","HEATHROW","11KT","9999"
"2018-09-09 07:20:00","HEATHROW","10KT","9999"
"2018-09-09 06:50:00","HEATHROW","07KT","9999"
"2018-09-09 06:20:00","HEATHROW","08KT","9999"
"2018-09-09 05:50:00","HEATHROW","17KT","9999"
"2018-09-09 05:20:00","HEATHROW","06KT","9999"
"2018-09-09 04:50:00","HEATHROW","06KT","9999"
"2018-09-09 04:20:00","HEATHROW","05KT","9999"
"2018-09-09 03:50:00","HEATHROW","05KT","9999"
"2018-09-09 03:20:00","HEATHROW","07KT","9999"
"2018-09-09 02:50:00","HEATHROW","04KT","9999"
"2018-09-09 02:20:00","HEATHROW","05KT","9999"
"2018-09-09 01:50:00","HEATHROW","06KT","9999"
"2018-09-09 01:20:00","HEATHROW","07KT","9999"
"2018-09-09 00:50:00","HEATHROW","06KT","9999"
"2018-09-09 00:20:00","HEATHROW","07KT","9999"
"2018-09-08 23:50:00","HEATHROW","06KT","9999"
"2018-09-08 23:20:00","HEATHROW","07KT","9999"
"2018-09-08 22:50:00","HEATHROW","06KT","9999"
"2018-09-08 22:20:00","HEATHROW","07KT","9999"
"2018-09-08 21:50:00","HEATHROW","07KT","9999"
"2018-09-08 21:20:00","HEATHROW","07KT","9999"
"2018-09-08 20:50:00","HEATHROW","08KT","9999"
"2018-09-08 20:20:00","HEATHROW","10KT","9999"
"2018-09-08 19:50:00","HEATHROW","10KT","9999"
"2018-09-08 19:20:00","HEATHROW","09KT","9999"
"2018-09-08 18:50:00","HEATHROW","09KT","9999"
"2018-09-08 18:20:00","HEATHROW","10KT","9999"
"2018-09-08 17:50:00","HEATHROW","10KT","9999"
"2018-09-08 17:20:00","HEATHROW","11KT","9999"
"2018-09-08 16:50:00","HEATHROW","14KT","9999"
"2018-09-08 16:20:00","HEATHROW","12KT","9999"
"2018-09-08 15:50:00","HEATHROW","13KT","9999"
"2018-09-08 15:20:00","HEATHROW","12KT","9999"
"2018-09-08 14:50:00","HEATHROW","13KT","9999"
"2018-09-08 14:20:00","HEATHROW","24KT","9999"
"2018-09-08 13:50:00","HEATHROW","11KT","9999"
"2018-09-08 13:20:00","HEATHROW","11KT","9999"
"2018-09-08 12:50:00","HEATHROW","12KT","9999"
"2018-09-08 12:20:00","HEATHROW","12KT","9999"
"2018-09-08 11:50:00","HEATHROW","11KT","9999"
"2018-09-08 11:20:00","HEATHROW","12KT","9999"
"2018-09-08 10:50:00","HEATHROW","11KT","9999"
"2018-09-08 10:20:00","HEATHROW","10KT","9999"
"2018-09-08 09:50:00","HEATHROW","09KT","9999"
"2018-09-08 09:20:00","HEATHROW","08KT","9999"
"2018-09-08 08:50:00","HEATHROW","07KT","9999"
"2018-09-08 08:20:00","HEATHROW","08KT","9999"
"2018-09-08 07:50:00","HEATHROW","07KT","9999"
"2018-09-08 07:20:00","HEATHROW","07KT","9999"
"2018-09-08 06:50:00","HEATHROW","07KT","9999"
"2018-09-08 06:20:00","HEATHROW","04KT","9999"
"2018-09-08 05:50:00","HEATHROW","05KT","9999"
"2018-09-08 05:20:00","HEATHROW","05KT","9999"
"2018-09-08 04:50:00","HEATHROW","04KT","9999"
"2018-09-08 04:20:00","HEATHROW","03KT","9999"
"2018-09-08 03:50:00","HEATHROW","04KT","9999"
"2018-09-08 03:20:00","HEATHROW","05KT","9999"
"2018-09-08 02:50:00","HEATHROW","03KT","9999"
"2018-09-08 02:20:00","HEATHROW","06KT","9999"
"2018-09-08 01:50:00","HEATHROW","05KT","9999"
"2018-09-08 01:20:00","HEATHROW","06KT","9999"
"2018-09-08 00:50:00","HEATHROW","07KT","9999"
"2018-09-08 00:20:00","HEATHROW","07KT","9999"
"2018-09-07 23:50:00","HEATHROW","07KT","9999"
"2018-09-07 23:20:00","HEATHROW","05KT","9999"
"2018-09-07 22:50:00","HEATHROW","07KT","9999"
"2018-09-07 22:20:00","HEATHROW","06KT","9999"
"2018-09-07 21:50:00","HEATHROW","08KT","9999"
"2018-09-07 21:20:00","HEATHROW","07KT","9999"
"2018-09-07 20:50:00","HEATHROW","07KT","9999"
"2018-09-07 20:20:00","HEATHROW","09KT","9999"
"2018-09-07 19:50:00","HEATHROW","10KT","9999"
"2018-09-07 19:20:00","HEATHROW","10KT","9999"
"2018-09-07 18:50:00","HEATHROW","07KT","9999"
"2018-09-07 18:20:00","HEATHROW","10KT","9999"
"2018-09-07 17:50:00","HEATHROW","11KT","9999"
"2018-09-07 17:20:00","HEATHROW","12KT","9999"
"2018-09-07 16:50:00","HEATHROW","12KT","9999"
"2018-09-07 16:20:00","HEATHROW","14KT","9999"
"2018-09-07 15:50:00","HEATHROW","12KT","9999"
"2018-09-07 15:20:00","HEATHROW","14KT","9999"
"2018-09-07 14:50:00","HEATHROW","15KT","9999"
"2018-09-07 14:20:00","HEATHROW","14KT","9999"
"2018-09-07 13:50:00","HEATHROW","14KT","9999"
"2018-09-07 13:20:00","HEATHROW","13KT","9999"
"2018-09-07 12:50:00","HEATHROW","15KT","9999"
"2018-09-07 12:20:00","HEATHROW","14KT","9999"
"2018-09-07 11:50:00","HEATHROW","12KT","9999"
"2018-09-07 11:20:00","HEATHROW","12KT","9999"
"2018-09-07 10:50:00","HEATHROW","11KT","9999"
"2018-09-07 10:20:00","HEATHROW","10KT","9999"
"2018-09-07 09:50:00","HEATHROW","08KT","9999"
"2018-09-07 09:20:00","HEATHROW","10KT","9999"
"2018-09-07 08:50:00","HEATHROW","10KT","9999"
"2018-09-07 08:20:00","HEATHROW","11KT","9999"
"2018-09-07 07:50:00","HEATHROW","09KT","9999"
"2018-09-07 07:20:00","HEATHROW","09KT","9999"
"2018-09-07 06:50:00","HEATHROW","08KT","9999"
"2018-09-07 06:20:00","HEATHROW","08KT","9999"
"2018-09-07 05:50:00","HEATHROW","09KT","9999"
"2018-09-07 05:20:00","HEATHROW","08KT","9999"
"2018-09-07 04:50:00","HEATHROW","08KT","9999"
"2018-09-07 04:20:00","HEATHROW","09KT","9999"
"2018-09-07 03:50:00","HEATHROW","07KT","9999"
"2018-09-07 03:20:00","HEATHROW","06KT","9999"
"2018-09-07 02:50:00","HEATHROW","07KT","9999"
"2018-09-07 02:20:00","HEATHROW","07KT","9999"
"2018-09-07 01:50:00","HEATHROW","07KT","9999"
"2018-09-07 01:20:00","HEATHROW","06KT","9999"
"2018-09-07 00:50:00","HEATHROW","05KT","9999"
"2018-09-07 00:20:00","HEATHROW","05KT","9999"
"2018-09-06 23:50:00","HEATHROW","05KT","9999"
"2018-09-06 23:20:00","HEATHROW","07KT","9999"
"2018-09-06 22:50:00","HEATHROW","06KT","9999"
"2018-09-06 22:20:00","HEATHROW","06KT","9999"
"2018-09-06 21:50:00","HEATHROW","06KT","9999"
"2018-09-06 21:20:00","HEATHROW","06KT","9999"
"2018-09-06 20:50:00","HEATHROW","09KT","9999"
"2018-09-06 20:20:00","HEATHROW","06KT","9999"
"2018-09-06 19:50:00","HEATHROW","04KT","9999"
"2018-09-06 19:20:00","HEATHROW","06KT","9999"
"2018-09-06 18:50:00","HEATHROW","06KT","9999"
"2018-09-06 18:20:00","HEATHROW","10KT","9999"
"2018-09-06 17:50:00","HEATHROW","10KT","9999"
"2018-09-06 17:20:00","HEATHROW","12KT","3900"
"2018-09-06 16:50:00","HEATHROW","12KT","9999"
"2018-09-06 16:20:00","HEATHROW","10KT","9999"
"2018-09-06 15:50:00","HEATHROW","12KT","9999"
"2018-09-06 15:20:00","HEATHROW","13KT","9999"
"2018-09-06 14:50:00","HEATHROW","10KT","9999"
"2018-09-06 14:20:00","HEATHROW","10KT","9999"
"2018-09-06 13:50:00","HEATHROW","09KT","9999"
"2018-09-06 13:20:00","HEATHROW","08KT","9999"
"2018-09-06 12:50:00","HEATHROW","06KT","9999"
"2018-09-06 12:20:00","HEATHROW","06KT","160V310"
"2018-09-06 11:50:00","HEATHROW","05KT","9999"
"2018-09-06 11:20:00","HEATHROW","04KT","9999"
"2018-09-06 10:50:00","HEATHROW","04KT","9999"
"2018-09-06 10:20:00","HEATHROW","04KT","9999"
"2018-09-06 09:50:00","HEATHROW","05KT","9999"
"2018-09-06 09:20:00","HEATHROW","03KT","9999"
"2018-09-06 08:50:00","HEATHROW","03KT","9999"
"2018-09-06 08:20:00","HEATHROW","04KT","9999"
"2018-09-06 07:50:00","HEATHROW","05KT","9999"
"2018-09-06 07:20:00","HEATHROW","04KT","9999"
"2018-09-06 06:50:00","HEATHROW","05KT","9999"
"2018-09-06 06:20:00","HEATHROW","05KT","9999"
"2018-09-06 05:50:00","HEATHROW","05KT","9999"
"2018-09-06 05:20:00","HEATHROW","04KT","9999"
"2018-09-06 04:50:00","HEATHROW","05KT","9999"
"2018-09-06 04:20:00","HEATHROW","03KT","9999"
"2018-09-06 03:50:00","HEATHROW","04KT","9999"
"2018-09-06 03:20:00","HEATHROW","04KT","9999"
"2018-09-06 02:50:00","HEATHROW","03KT","9999"
"2018-09-06 02:20:00","HEATHROW","04KT","9999"
"2018-09-06 01:50:00","HEATHROW","05KT","9999"
"2018-09-06 01:20:00","HEATHROW","04KT","9999"
"2018-09-06 00:50:00","HEATHROW","04KT","9999"
"2018-09-06 00:20:00","HEATHROW","03KT","9999"
"2018-09-05 23:50:00","HEATHROW","04KT","9999"
"2018-09-05 23:20:00","HEATHROW","04KT","9999"
"2018-09-05 22:50:00","HEATHROW","03KT","9999"
"2018-09-05 22:20:00","HEATHROW","03KT","9999"
"2018-09-05 21:50:00","HEATHROW","04KT","9999"
"2018-09-05 21:20:00","HEATHROW","04KT","9999"
"2018-09-05 20:50:00","HEATHROW","06KT","9999"
"2018-09-05 20:20:00","HEATHROW","06KT","9999"
"2018-09-05 19:50:00","HEATHROW","04KT","9999"
"2018-09-05 19:20:00","HEATHROW","02KT","9999"
"2018-09-05 18:50:00","HEATHROW","05KT","9999"
"2018-09-05 18:20:00","HEATHROW","06KT","9999"
"2018-09-05 17:50:00","HEATHROW","07KT","9999"
"2018-09-05 17:20:00","HEATHROW","07KT","9999"
"2018-09-05 16:50:00","HEATHROW","08KT","9999"
"2018-09-05 16:20:00","HEATHROW","07KT","9999"
"2018-09-05 15:50:00","HEATHROW","07KT","9999"
"2018-09-05 15:20:00","HEATHROW","06KT","9999"
"2018-09-05 14:50:00","HEATHROW","07KT","9999"
"2018-09-05 14:20:00","HEATHROW","06KT","9999"
"2018-09-05 13:50:00","HEATHROW","06KT","9999"
"2018-09-05 13:20:00","HEATHROW","06KT","9999"
"2018-09-05 12:50:00","HEATHROW","06KT","9999"
"2018-09-05 12:20:00","HEATHROW","06KT","9999"
"2018-09-05 11:50:00","HEATHROW","06KT","9999"
"2018-09-05 11:20:00","HEATHROW","07KT","9999"
"2018-09-05 10:50:00","HEATHROW","06KT","9999"
"2018-09-05 10:20:00","HEATHROW","06KT","9999"
"2018-09-05 09:50:00","HEATHROW","08KT","9999"
"2018-09-05 09:20:00","HEATHROW","06KT","9999"
"2018-09-05 08:50:00","HEATHROW","06KT","9999"
"2018-09-05 08:20:00","HEATHROW","06KT","9999"
"2018-09-05 07:50:00","HEATHROW","06KT","9999"
"2018-09-05 07:20:00","HEATHROW","06KT","9999"
"2018-09-05 06:50:00","HEATHROW","04KT","9999"
"2018-09-05 06:20:00","HEATHROW","06KT","9999"
"2018-09-05 05:50:00","HEATHROW","04KT","9999"
"2018-09-05 05:20:00","HEATHROW","04KT","9999"
"2018-09-05 04:50:00","HEATHROW","05KT","9999"
"2018-09-05 04:20:00","HEATHROW","03KT","9999"
"2018-09-05 03:50:00","HEATHROW","04KT","9999"
"2018-09-05 03:20:00","HEATHROW","03KT","9999"
"2018-09-05 02:50:00","HEATHROW","03KT","9999"
"2018-09-05 02:20:00","HEATHROW","05KT","9999"
"2018-09-05 01:50:00","HEATHROW","04KT","9999"
"2018-09-05 01:20:00","HEATHROW","03KT","9999"
"2018-09-05 00:50:00","HEATHROW","03KT","9999"
"2018-09-05 00:20:00","HEATHROW","04KT","9999"
"2018-09-04 23:50:00","HEATHROW","04KT","9999"
"2018-09-04 23:20:00","HEATHROW","05KT","9999"
"2018-09-04 22:50:00","HEATHROW","05KT","9999"
"2018-09-04 22:20:00","HEATHROW","05KT","9999"
"2018-09-04 21:50:00","HEATHROW","05KT","9999"
"2018-09-04 21:20:00","HEATHROW","06KT","9999"
"2018-09-04 20:50:00","HEATHROW","05KT","9999"
"2018-09-04 20:20:00","HEATHROW","06KT","9999"
"2018-09-04 19:50:00","HEATHROW","07KT","9999"
"2018-09-04 19:20:00","HEATHROW","05KT","9999"
"2018-09-04 18:50:00","HEATHROW","07KT","9999"
"2018-09-04 18:20:00","HEATHROW","06KT","9999"
"2018-09-04 17:50:00","HEATHROW","07KT","340V060"
"2018-09-04 17:20:00","HEATHROW","07KT","320V050"
"2018-09-04 16:50:00","HEATHROW","07KT","320V040"
"2018-09-04 16:20:00","HEATHROW","06KT","320V080"
"2018-09-04 15:50:00","HEATHROW","07KT","340V050"
"2018-09-04 15:20:00","HEATHROW","07KT","340V080"
"2018-09-04 14:50:00","HEATHROW","08KT","320V040"
"2018-09-04 14:20:00","HEATHROW","06KT","9999"
"2018-09-04 13:50:00","HEATHROW","06KT","9999"
"2018-09-04 13:20:00","HEATHROW","06KT","9999"
"2018-09-04 12:50:00","HEATHROW","07KT","9999"
"2018-09-04 12:20:00","HEATHROW","06KT","9999"
"2018-09-04 11:50:00","HEATHROW","08KT","9999"
"2018-09-04 11:20:00","HEATHROW","07KT","9999"
"2018-09-04 10:50:00","HEATHROW","06KT","9999"
"2018-09-04 10:20:00","HEATHROW","05KT","9999"
"2018-09-04 09:50:00","HEATHROW","07KT","9999"
"2018-09-04 09:20:00","HEATHROW","06KT","9999"
"2018-09-04 08:50:00","HEATHROW","08KT","9999"
"2018-09-04 08:20:00","HEATHROW","06KT","9999"
"2018-09-04 07:50:00","HEATHROW","06KT","9999"
"2018-09-04 07:20:00","HEATHROW","04KT","9999"
"2018-09-04 06:50:00","HEATHROW","05KT","8000"
"2018-09-04 06:20:00","HEATHROW","05KT","7000"
"2018-09-04 05:50:00","HEATHROW","06KT","7000"
"2018-09-04 05:20:00","HEATHROW","06KT","330V030"
"2018-09-04 04:50:00","HEATHROW","03KT","9999"
"2018-09-04 04:20:00","HEATHROW","04KT","9999"
"2018-09-04 03:50:00","HEATHROW","02KT","9999"
"2018-09-04 03:20:00","HEATHROW","02KT","9999"
"2018-09-04 02:50:00","HEATHROW","02KT","9999"
"2018-09-04 02:20:00","HEATHROW","02KT","9999"
"2018-09-04 01:50:00","HEATHROW","04KT","9999"
"2018-09-04 01:20:00","HEATHROW","03KT","9999"
"2018-09-04 00:50:00","HEATHROW","04KT","9999"
"2018-09-04 00:20:00","HEATHROW","04KT","9999"
"2018-09-03 23:50:00","HEATHROW","05KT","9999"
"2018-09-03 23:20:00","HEATHROW","04KT","9999"
"2018-09-03 22:50:00","HEATHROW","03KT","9999"
"2018-09-03 22:20:00","HEATHROW","03KT","9999"
"2018-09-03 21:50:00","HEATHROW","02KT","9999"
"2018-09-03 21:20:00","HEATHROW","05KT","9999"
"2018-09-03 20:50:00","HEATHROW","05KT","9999"
"2018-09-03 20:20:00","HEATHROW","04KT","9999"
"2018-09-03 19:50:00","HEATHROW","04KT","9999"
"2018-09-03 19:20:00","HEATHROW","04KT","9999"
"2018-09-03 18:50:00","HEATHROW","04KT","9999"
"2018-09-03 18:20:00","HEATHROW","04KT","9999"
"2018-09-03 17:50:00","HEATHROW","04KT","9999"
"2018-09-03 17:20:00","HEATHROW","05KT","9999"
"2018-09-03 16:50:00","HEATHROW","05KT","9999"
"2018-09-03 16:20:00","HEATHROW","05KT","9999"
"2018-09-03 15:50:00","HEATHROW","05KT","9999"
"2018-09-03 15:20:00","HEATHROW","04KT","9999"
"2018-09-03 14:50:00","HEATHROW","04KT","9999"
"2018-09-03 14:20:00","HEATHROW","05KT","9999"
"2018-09-03 13:50:00","HEATHROW","05KT","260V050"
"2018-09-03 13:20:00","HEATHROW","04KT","9999"
"2018-09-03 12:50:00","HEATHROW","04KT","9999"
"2018-09-03 12:20:00","HEATHROW","04KT","9999"
"2018-09-03 11:50:00","HEATHROW","03KT","9999"
"2018-09-03 11:20:00","HEATHROW","03KT","9999"
"2018-09-03 10:50:00","HEATHROW","04KT","9999"
"2018-09-03 10:20:00","HEATHROW","02KT","9999"
"2018-09-03 09:50:00","HEATHROW","03KT","9999"
"2018-09-03 09:20:00","HEATHROW","02KT","9999"
"2018-09-03 08:50:00","HEATHROW","01KT","9999"
"2018-09-03 08:20:00","HEATHROW","01KT","9999"
"2018-09-03 07:50:00","HEATHROW","01KT","9999"
"2018-09-03 07:20:00","HEATHROW","01KT","9999"
"2018-09-03 06:50:00","HEATHROW","01KT","9999"
"2018-09-03 06:20:00","HEATHROW","01KT","9999"
"2018-09-03 05:50:00","HEATHROW","02KT","9999"
"2018-09-03 05:20:00","HEATHROW","02KT","9999"
"2018-09-03 04:50:00","HEATHROW","01KT","9999"
"2018-09-03 04:20:00","HEATHROW","00KT","9999"
"2018-09-03 03:50:00","HEATHROW","01KT","9999"
"2018-09-03 03:20:00","HEATHROW","01KT","9999"
"2018-09-03 02:50:00","HEATHROW","02KT","9999"
"2018-09-03 02:20:00","HEATHROW","01KT","9999"
"2018-09-03 01:50:00","HEATHROW","01KT","9999"
"2018-09-03 01:20:00","HEATHROW","00KT","9999"
"2018-09-03 00:50:00","HEATHROW","01KT","9999"
"2018-09-03 00:20:00","HEATHROW","02KT","9999"
"2018-09-02 23:50:00","HEATHROW","02KT","9999"
"2018-09-02 23:20:00","HEATHROW","04KT","9999"
"2018-09-02 22:50:00","HEATHROW","03KT","9999"
"2018-09-02 22:20:00","HEATHROW","05KT","9999"
"2018-09-02 21:50:00","HEATHROW","06KT","9999"
"2018-09-02 21:20:00","HEATHROW","06KT","9999"
"2018-09-02 20:50:00","HEATHROW","07KT","9999"
"2018-09-02 20:20:00","HEATHROW","08KT","9999"
"2018-09-02 19:50:00","HEATHROW","08KT","9999"
"2018-09-02 19:20:00","HEATHROW","08KT","9999"
"2018-09-02 18:50:00","HEATHROW","09KT","9999"
"2018-09-02 18:20:00","HEATHROW","07KT","9999"
"2018-09-02 17:50:00","HEATHROW","04KT","9999"
"2018-09-02 17:20:00","HEATHROW","02KT","9999"
"2018-09-02 16:50:00","HEATHROW","04KT","9999"
"2018-09-02 16:20:00","HEATHROW","03KT","9999"
"2018-09-02 15:50:00","HEATHROW","03KT","9999"
"2018-09-02 15:20:00","HEATHROW","04KT","9999"
"2018-09-02 14:50:00","HEATHROW","03KT","9999"
"2018-09-02 14:20:00","HEATHROW","03KT","9999"
"2018-09-02 13:50:00","HEATHROW","05KT","9999"
"2018-09-02 13:20:00","HEATHROW","04KT","9999"
"2018-09-02 12:50:00","HEATHROW","07KT","9999"
"2018-09-02 12:20:00","HEATHROW","05KT","9999"
"2018-09-02 11:50:00","HEATHROW","05KT","9999"
"2018-09-02 11:20:00","HEATHROW","04KT","9999"
"2018-09-02 10:50:00","HEATHROW","05KT","9999"
"2018-09-02 10:20:00","HEATHROW","05KT","9999"
"2018-09-02 09:50:00","HEATHROW","05KT","9999"
"2018-09-02 09:20:00","HEATHROW","04KT","9999"
"2018-09-02 08:50:00","HEATHROW","03KT","9999"
"2018-09-02 08:20:00","HEATHROW","03KT","9999"
"2018-09-02 07:50:00","HEATHROW","03KT","9999"
"2018-09-02 07:20:00","HEATHROW","02KT","9999"
"2018-09-02 06:50:00","HEATHROW","02KT","9999"
"2018-09-02 06:20:00","HEATHROW","02KT","9999"
"2018-09-02 05:50:00","HEATHROW","02KT","9999"
"2018-09-02 05:20:00","HEATHROW","03KT","9999"
"2018-09-02 04:50:00","HEATHROW","03KT","9999"
"2018-09-02 04:20:00","HEATHROW","02KT","9999"
"2018-09-02 03:50:00","HEATHROW","01KT","9999"
"2018-09-02 03:20:00","HEATHROW","02KT","9999"
"2018-09-02 02:50:00","HEATHROW","01KT","9999"
"2018-09-02 02:20:00","HEATHROW","01KT","9999"
"2018-09-02 01:50:00","HEATHROW","01KT","9999"
"2018-09-02 01:20:00","HEATHROW","02KT","9999"
"2018-09-02 00:50:00","HEATHROW","02KT","9999"
"2018-09-02 00:20:00","HEATHROW","05KT","9999"
"2018-09-01 23:50:00","HEATHROW","03KT","9999"
"2018-09-01 23:20:00","HEATHROW","02KT","9999"
"2018-09-01 22:50:00","HEATHROW","03KT","9999"
"2018-09-01 22:20:00","HEATHROW","03KT","9999"
"2018-09-01 21:50:00","HEATHROW","04KT","9999"
"2018-09-01 21:20:00","HEATHROW","05KT","9999"
"2018-09-01 20:50:00","HEATHROW","06KT","9999"
"2018-09-01 20:20:00","HEATHROW","07KT","9999"
"2018-09-01 19:50:00","HEATHROW","08KT","9999"
"2018-09-01 19:20:00","HEATHROW","09KT","9999"
"2018-09-01 18:50:00","HEATHROW","09KT","9999"
"2018-09-01 18:20:00","HEATHROW","09KT","9999"
"2018-09-01 17:50:00","HEATHROW","08KT","9999"
"2018-09-01 17:20:00","HEATHROW","08KT","9999"
"2018-09-01 16:50:00","HEATHROW","07KT","9999"
"2018-09-01 16:20:00","HEATHROW","07KT","9999"
"2018-09-01 15:50:00","HEATHROW","08KT","9999"
"2018-09-01 15:20:00","HEATHROW","06KT","9999"
"2018-09-01 14:50:00","HEATHROW","19KT","9999"
"2018-09-01 14:20:00","HEATHROW","08KT","9999"
"2018-09-01 13:50:00","HEATHROW","09KT","9999"
"2018-09-01 13:20:00","HEATHROW","09KT","9999"
"2018-09-01 12:50:00","HEATHROW","08KT","9999"
"2018-09-01 12:20:00","HEATHROW","09KT","9999"
"2018-09-01 11:50:00","HEATHROW","11KT","9999"
"2018-09-01 11:20:00","HEATHROW","06KT","9999"
"2018-09-01 10:50:00","HEATHROW","08KT","9999"
"2018-09-01 10:20:00","HEATHROW","08KT","9999"
"2018-09-01 09:50:00","HEATHROW","07KT","9999"
"2018-09-01 09:20:00","HEATHROW","08KT","9999"
"2018-09-01 08:50:00","HEATHROW","07KT","9999"
"2018-09-01 08:20:00","HEATHROW","06KT","9999"
"2018-09-01 07:50:00","HEATHROW","04KT","9999"
"2018-09-01 07:20:00","HEATHROW","03KT","9999"
"2018-09-01 06:50:00","HEATHROW","03KT","9999"
"2018-09-01 06:20:00","HEATHROW","03KT","9999"
"2018-09-01 05:50:00","HEATHROW","02KT","9999"
"2018-09-01 05:20:00","HEATHROW","02KT","9999"
"2018-09-01 04:50:00","HEATHROW","02KT","9999"
"2018-09-01 04:20:00","HEATHROW","02KT","9999"
"2018-09-01 03:50:00","HEATHROW","03KT","9999"
"2018-09-01 03:20:00","HEATHROW","02KT","9999"
"2018-09-01 02:50:00","HEATHROW","02KT","9999"
"2018-09-01 02:20:00","HEATHROW","02KT","9999"
"2018-09-01 01:50:00","HEATHROW","03KT","9999"
"2018-09-01 01:20:00","HEATHROW","02KT","9999"
"2018-09-01 00:50:00","HEATHROW","03KT","9999"
"2018-09-01 00:20:00","HEATHROW","03KT","9999"
